uniprot,tm,z_mean,z_max,z_frac,n_patches
Q99700,51.72,0.390217497917871,0.4648692810457516,0.01726844583987441,17
Q3SY69,49.33,0.5330900830458778,0.6612260536398468,0.043478260869565216,10
Q9GZV5,61.59,0.6684778184778184,0.8256410256410255,0.017902813299232736,5
Q99961,50.06,0.41824321810082254,0.46707298944551806,0.043478260869565216,6
Q9UKB5,49.51,0.36297743055555554,0.41666666666666663,0.019464720194647202,8
P46977,52.19,0.4971882203473682,0.5509700176366842,0.028011204481792718,10
Q15274,57.96,0.6488888888888888,0.7111111111111112,0.032679738562091505,3
Q5JU69,54.98,0.8571428571428574,0.8571428571428572,0.045714285714285714,6
J3KN39,47.1,0.4295070380555469,0.5392133204633204,0.045372050816696916,13
Q9P215,47.03,0.3423088603102215,0.4166666666666667,0.03686635944700461,14
G3V5Q1,49.0,0.42124954148325994,0.4754901960784313,0.037037037037037035,7
O75185,51.37,0.48812983310198393,0.5518518518518518,0.03711340206185567,15
Q6PJG6,47.31,0.5414205115622119,0.6600877192982455,0.03132530120481928,9
Q13232,61.53,0.7142857142857144,1.0,0.07,4
P49959,54.99,0.5075676768794166,0.553125,0.039647577092511016,9
E9PSF2,53.19,0.4350504361872987,0.5095026768103691,0.022893772893772892,16
H0YNE9,55.78,0.588888888888889,0.8571428571428572,0.16363636363636364,9
E9PL01,52.24,0.6266565885613504,0.7619047619047619,0.05303030303030303,6
Q86WV6,51.33,0.5051282051282052,0.6153846153846154,0.021505376344086023,6
Q15233,45.58,0.4881509212850677,0.5634944150499707,0.035175879396984924,6
Q9Y3T6,50.39,0.42648609262674264,0.5220443349753695,0.03651685393258427,9
P98173,52.24,0.7711840628507295,0.8249158249158248,0.0410958904109589,5
Q69YN4,49.33,0.36752165232541445,0.5716703869047619,0.03468697123519458,28
Q9H900,50.32,0.522946552358317,0.7058823529411764,0.03313253012048193,10
Q9NXU5,53.12,0.526984126984127,0.7999999999999999,0.058333333333333334,6
Q9UNE7,47.75,0.4882664646482794,0.6286862990810359,0.049019607843137254,3
Q9Y5A9,51.26,0.600445502170831,0.6992424242424242,0.02053388090349076,6
Q96PU5,49.14,0.45379980337628084,0.5907001044932079,0.03111111111111111,15
O43291,54.0,0.5065355893819516,0.5628654970760235,0.028169014084507043,4
Q12907,51.52,0.6741723356009072,0.8,0.03153153153153153,5
O43303,54.93,0.3404591470361545,0.43071946169772257,0.02721774193548387,18
Q9UDY8,49.22,0.5388499454950249,0.6051039697542532,0.03292181069958848,14
Q3LXA3,56.11,0.6672997784108894,0.8205128205128205,0.03169014084507042,9
P62424,53.52,0.3825166873412487,0.42105263157894746,0.045,7
Q8IUH4,49.75,0.5643401608679386,0.7864583333333333,0.02452316076294278,6
P50748,48.8,0.41455411970557826,0.47207611708251906,0.03614457831325301,34
Q96ED9,53.26,0.4011037124426931,0.5086190560647749,0.037209302325581395,18
Q4G0J3,52.03,0.3595223008503148,0.4628957451099012,0.046511627906976744,15
Q14997,50.92,0.4620141366609317,0.5668367346938775,0.04183006535947712,18
Q16254,53.95,0.44178504164853377,0.5311428571428571,0.02356020942408377,7
J3QRU1,48.53,0.6138861138861138,0.7692307692307692,0.035830618892508145,9
J3KSH1,48.82,0.4166666666666667,0.4444444444444445,0.027210884353741496,3
Q96CW6,53.57,0.49998118840224104,0.6437246963562753,0.03873239436619718,8
P30281,52.24,0.4895833333333333,0.5,0.03550295857988166,5
Q13190,47.84,0.4401965619739057,0.574074074074074,0.026936026936026935,8
Q9BVJ7,55.91,0.8,0.8,0.05128205128205128,1
Q96RT1,51.44,0.4327463802049527,0.508415334404035,0.02857142857142857,18
Q99501,53.63,0.427868922444867,0.4826936026936027,0.026785714285714284,12
O14896,51.52,0.44969809875523353,0.6031347962382444,0.032448377581120944,6
P53805,50.6,0.3454531331763474,0.3510302197802198,0.031818181818181815,3
B4DDF4,51.18,0.49976095376422164,0.6320987654320986,0.023715415019762844,6
Q6PJW8,52.42,0.3023357504488643,0.3720946204957833,0.03012912482065997,11
Q8WUY8,50.46,0.6122448979591836,0.8571428571428572,0.05511811023622047,3
P00519,48.59,0.4929428573732839,0.6363136863136863,0.03058823529411765,15
P37802,52.07,0.5858974358974358,0.673076923076923,0.037037037037037035,4
P33121,49.3,0.5227288304399919,0.5811965811965812,0.039755351681957186,11
Q68D91,56.22,0.7916666666666666,1.0,0.04411764705882353,3
P00491,65.49,0.8571428571428574,0.8571428571428572,0.05384615384615385,5
Q8WUZ0,52.11,0.4743224297516278,0.5721891534391534,0.032407407407407406,6
P46109,53.46,0.6303030303030304,0.7272727272727273,0.0410958904109589,8
P27694,51.32,0.5225278387426725,0.6236413043478262,0.03333333333333333,10
Q9NXF8,52.94,0.534152913059163,0.625,0.030303030303030304,4
Q6YP21,60.19,0.7118055555555556,0.8333333333333334,0.03902439024390244,8
Q13363,51.72,0.5948442471879971,0.6277056277056278,0.03007518796992481,7
Q15596,51.46,0.47567330401208735,0.595522432731735,0.01903367496339678,21
Q13614,52.78,0.6487239516218755,0.8304498269896192,0.036036036036036036,9
Q7Z7L1,50.48,0.4948436938973575,0.5576470588235295,0.043478260869565216,16
Q9Y490,52.08,0.460701542744819,0.5066791576050835,0.03484320557491289,36
Q15031,50.11,0.5155163564144585,0.5880000000000001,0.03488372093023256,13
Q13351,52.8,0.3804749307130259,0.48179012345679006,0.020348837209302327,4
O75170,55.17,0.32741629378007403,0.3942508710801393,0.028965517241379312,16
Q96BD8,47.31,0.7045011769276475,0.9411764705882353,0.03902439024390244,5
Q99549,51.2,0.4625809810583434,0.584975845410628,0.044797687861271675,18
Q9BVW5,48.44,0.38082008908965426,0.45030303030303026,0.036231884057971016,7
Q9NXX6,50.06,0.3172869529563866,0.4434768790719848,0.0438871473354232,7
Q6IB77,51.21,0.5865800865800866,0.7380952380952381,0.07801418439716312,8
Q6P2E9,52.0,0.4408286775899936,0.5234025234025236,0.023529411764705882,18
P05023,57.66,0.471653018282025,0.5171264367816092,0.03292181069958848,11
P22695,58.2,0.7272727272727272,0.7272727272727273,0.026785714285714284,4
Q16706,54.44,0.5518107769423558,0.6190476190476191,0.035164835164835165,13
P42694,54.35,0.4422197043945017,0.5101100573703315,0.02275960170697013,17
Q96G25,52.03,0.46458333333333335,0.6333333333333333,0.03225806451612903,4
Q8TBC4,51.31,0.5669472502805836,0.6405228758169934,0.03345724907063197,5
P27348,53.58,0.8,1.0,0.06993006993006994,6
Q6ZWJ1,50.04,0.44017185446900026,0.5119930844836504,0.030927835051546393,10
Q86WA8,49.1,0.4466098447681673,0.5798142800520921,0.038,14
O00471,49.48,0.509980253204705,0.5609410074526354,0.04035874439461883,13
O95210,57.37,0.4607638888888889,0.5972222222222222,0.025974025974025976,8
F8W0R1,54.13,0.7916666666666666,1.0,0.04054054054054054,5
E5RHC1,56.41,0.7407407407407409,0.8888888888888888,0.0743801652892562,7
Q86WV7,54.99,0.4327701456441453,0.4755603564677288,0.04830917874396135,9
Q3V6T2,47.88,0.42840467318522557,0.48157973528292547,0.03479236812570146,38
Q86YR5,46.07,0.5435263639990062,0.6681929181929182,0.03418803418803419,13
J3KR33,50.28,0.26506696428571425,0.3333333333333333,0.02880658436213992,6
Q6PL24,48.35,0.4201709555876223,0.5454545454545455,0.03435114503816794,7
P38159,55.91,0.6118324467931063,0.6990421455938699,0.03333333333333333,7
Q9BY77,53.19,0.4327074849623869,0.4958024691358024,0.028423772609819122,8
Q9NRY5,54.05,0.41132121235773816,0.5356357927786499,0.035443037974683546,8
Q8WVD3,49.56,0.5277777777777778,0.6666666666666666,0.03225806451612903,4
E9PGT3,49.52,0.5358289768996843,0.6756383712905452,0.03508771929824561,8
A4D126,58.07,0.7443783068783068,0.8958333333333333,0.0371900826446281,8
Q13613,50.36,0.7054854096520763,0.7948717948717948,0.035398230088495575,10
Q9NUQ8,45.06,0.4946184009851675,0.5955555555555555,0.03917050691244239,11
Q9UBC2,52.01,0.45507753195464706,0.5450364994482642,0.028,12
P23378,57.17,0.5577232648331223,0.766603654694392,0.041666666666666664,6
Q9UMS4,57.71,0.5727588383838383,0.7499999999999999,0.0472972972972973,11
Q5JRI1,49.52,0.4482584213172448,0.5508333333333333,0.05185185185185185,5
P51610,52.55,0.41024845385954234,0.5320254411896443,0.013597733711048159,15
P30419,51.64,0.5037204036802968,0.5714285714285714,0.03806228373702422,9
P22059,53.83,0.5014566067915806,0.5708333333333334,0.03345724907063197,12
O60341,48.8,0.4510768703650849,0.5121623157986794,0.03490759753593429,15
Q969H8,60.77,0.6447619047619048,0.7999999999999999,0.05309734513274336,4
D6RJ07,49.83,0.4202398459383754,0.5326388888888889,0.030418250950570342,3
Q9UBC3,43.48,0.4416790698246407,0.640100033068783,0.036231884057971016,13
Q9HAT2,60.05,0.5889550264550264,0.6684027777777777,0.031818181818181815,4
P28799,46.75,0.5937479208034763,0.8322222222222222,0.023474178403755867,5
P13807,56.64,0.46589966997575694,0.5555555555555557,0.037940379403794036,12
O00213,52.68,0.4100840952516809,0.5161290322580645,0.027303754266211604,10
P35052,62.51,0.4862339529388786,0.6173469387755103,0.036931818181818184,10
Q9Y242,52.03,0.5298971861471861,0.5808080808080808,0.025454545454545455,5
F5GZS6,60.74,0.45206017410385796,0.5167942176870748,0.029490616621983913,9
Q6NVY1,51.62,0.537136752136752,0.625,0.05319148936170213,6
Q92784,48.17,0.4959745193078526,0.6,0.0375,10
Q12888,48.97,0.3345705371926385,0.47411681412642803,0.02839643652561247,37
K7EKG9,57.07,0.3668626827717737,0.45805785123966936,0.03146853146853147,6
Q9UBP6,53.81,0.5084575917909251,0.5606060606060606,0.0379746835443038,3
Q96Q15,49.78,0.42559843169081135,0.4891031486673134,0.03272727272727273,28
P49914,50.51,0.6666666666666669,0.6666666666666669,0.06060606060606061,5
P01116,58.73,0.7111111111111111,0.8888888888888888,0.09523809523809523,7
P10114,59.58,0.6134453781512605,0.8571428571428572,0.1650485436893204,12
Q8N2H3,55.01,0.5351783167321362,0.625,0.035856573705179286,7
Q5T8P6,51.21,0.47438651533578763,0.561969131086778,0.0334075723830735,17
F5H4V9,46.86,0.5675324675324676,0.6493506493506493,0.04040404040404041,6
P48728,51.05,0.625,0.8,0.0427807486631016,7
Q9UPU7,52.75,0.5025593925337329,0.5857326714469571,0.03319502074688797,16
Q6PII5,54.43,0.4309440559440559,0.5454545454545455,0.08441558441558442,10
P08397,63.66,0.6904761904761904,0.8333333333333334,0.03867403314917127,5
Q9NV70,48.58,0.42075746540764486,0.4493712533303888,0.03986135181975736,19
Q96NL8,55.45,0.4917665478889968,0.5714285714285713,0.043209876543209874,6
Q8WTS1,49.67,0.7000529100529101,0.8,0.03428571428571429,6
Q9H0W8,48.21,0.4669211131108762,0.5413647342995169,0.02824858757062147,9
Q9HCM4,58.48,0.41836135887553255,0.527065527065527,0.030303030303030304,14
Q96AY4,57.05,0.4395708050045274,0.5207477395822012,0.027160493827160494,24
P52895,48.38,0.75,0.7500000000000001,0.08904109589041095,10
Q5BJF2,53.15,0.5506493506493506,0.5714285714285714,0.045454545454545456,5
Q6P1X5,51.33,0.45973516861198893,0.646244855967078,0.03317535545023697,16
P55011,56.57,0.3559018363171503,0.4925185185185185,0.029329608938547486,13
Q9BQ69,48.47,0.5967948717948718,0.6666666666666667,0.04040404040404041,5
Q8TEW0,49.91,0.4667737950977814,0.5298098561598886,0.032231404958677684,28
Q8IWE4,47.29,0.6364626899059385,0.7738095238095237,0.04265402843601896,6
Q9BXW7,48.58,0.6826184177374653,0.7561728395061728,0.030303030303030304,5
Q8IY47,52.25,0.5820529916512059,0.6875,0.041176470588235294,9
Q86UU1,51.25,0.40410858384932025,0.5085664997770261,0.0277337559429477,25
B5MCU0,55.25,0.338773060441889,0.5074623162334844,0.019801980198019802,15
A8MV73,49.17,0.34358616335777836,0.4378472222222223,0.03495145631067961,13
Q03252,60.72,0.3908236888716594,0.458131572441114,0.03826086956521739,17
P62736,56.58,0.6571428571428571,0.8,0.03888888888888889,5
P42771,51.68,0.6825396825396827,0.7619047619047619,0.0594059405940594,5
Q9H9B4,53.45,0.6285714285714287,0.7999999999999999,0.03783783783783784,6
Q6P1L5,50.89,0.29680292535367725,0.40230934479054786,0.022108843537414966,12
Q15181,54.65,0.6226337448559671,0.691358024691358,0.046153846153846156,4
Q16566,54.53,0.572784471757584,0.6910869565217391,0.034375,6
Q9NVU0,48.27,0.42804890095712755,0.5390466531440162,0.032504780114722756,16
K7EIU8,53.17,0.5014674523007857,0.6242424242424242,0.03333333333333333,6
Q9Y4H2,51.78,0.3834924465389872,0.47223947550034506,0.017828200972447326,13
Q86TP1,49.47,0.638274277163166,0.711111111111111,0.03557312252964427,8
O95231,55.02,0.5149572649572649,0.564102564102564,0.016260162601626018,3
Q9NTM9,55.77,0.6592592592592592,0.6666666666666667,0.04054054054054054,6
K7EIK7,54.75,0.63635138010138,0.7458333333333331,0.03125,9
Q9NWH9,56.36,0.3716331124069705,0.46009197952938713,0.04339051463168517,29
O00186,48.06,0.6223037897246042,0.8235294117647057,0.04498269896193772,9
Q06265,62.62,0.41361162790141687,0.4764705882352942,0.039735099337748346,12
Q8WXI4,48.71,0.5181188846347217,0.5980392156862745,0.04075235109717868,11
O95149,50.91,0.5367626382332265,0.7377450980392156,0.04128440366972477,8
Q9BRZ2,50.89,0.4494285802231685,0.5077709517696681,0.03207547169811321,9
Q9Y6K9,47.97,0.39032916061970074,0.44124321459724475,0.03389830508474576,9
P43304,60.41,0.5488428091065309,0.6869806094182825,0.037900874635568516,10
P23396,50.07,0.617058481641815,0.7083333333333335,0.036585365853658534,5
B8ZZD4,50.78,0.3974694091261427,0.4522606800538471,0.034346103038309116,15
Q5T7M9,54.63,0.5229167897296552,0.5805422647527911,0.03571428571428571,7
Q9NQG5,51.81,0.4579493015154779,0.4944444444444444,0.04,8
Q8NEF9,55.61,0.30133413862341896,0.4542392566782811,0.03875968992248062,9
Q02447,51.24,0.31708044766080473,0.3551020408163265,0.014627659574468085,4
Q13325,49.23,0.4880193023711542,0.611111111111111,0.06756756756756757,12
Q5QPA5,60.91,0.38888888888888884,0.4375,0.02631578947368421,6
O43286,50.49,0.6138866341991341,0.6875,0.03255813953488372,6
O60496,46.41,0.5701840166369578,0.6774509803921568,0.031055900621118012,7
Q7Z7C8,54.26,0.57421875,0.73828125,0.028070175438596492,7
Q6RW13,52.04,0.691358024691358,0.7777777777777777,0.02608695652173913,3
O75400,51.58,0.41320434612586693,0.4688590745988705,0.036991368680641186,18
H0YN81,52.35,0.7222222222222222,1.0,0.045112781954887216,5
Q9UKL0,50.31,0.44944629408191905,0.5348571428571429,0.03044496487119438,9
O75781,55.01,0.5288081645276194,0.5757142857142856,0.036036036036036036,8
O60870,48.19,0.47840566979494803,0.5883703703703704,0.0462046204620462,9
Q15942,61.14,0.42285818491196064,0.48269230769230775,0.021912350597609563,8
C9J929,48.28,0.3541895360406098,0.48412698412698424,0.03899721448467967,9
Q8WXF1,52.77,0.4771418604072968,0.5370177095631642,0.03355704697986577,4
Q9HCD5,50.52,0.4587991750864415,0.5797297297297298,0.03468208092485549,8
G5E9W7,47.97,0.6768077601410933,0.7777777777777777,0.03763440860215054,3
Q9NQC3,59.91,0.3750205466173466,0.48841255048151605,0.02849740932642487,26
Q8IXW5,50.35,0.4672710564504887,0.5327969348659004,0.03420523138832998,14
P08185,57.05,0.6666666666666669,0.6666666666666667,0.04285714285714286,7
B1ALY0,56.9,0.4920983544861927,0.5609704999716889,0.03535353535353535,9
Q13796,55.95,0.42657076510484326,0.5108723433863535,0.028169014084507043,24
Q6NUQ4,50.88,0.5348223930571188,0.6397593445980545,0.024291497975708502,8
O15460,51.3,0.47665230602730607,0.5677777777777778,0.03986710963455149,10
Q8NDH3,56.71,0.5267857142857142,0.625,0.055299539170506916,12
Q9NWW6,51.55,0.7500000000000001,1.0,0.07207207207207207,4
P98155,57.82,0.42817720389250313,0.5194444444444444,0.03125,16
P38935,48.14,0.4434315607399004,0.5454710368996083,0.03420195439739414,15
Q6P1R4,48.83,0.5357752201502202,0.6071428571428571,0.04477611940298507,7
Q5QNZ2,54.92,0.5292460317460317,0.5635416666666666,0.02577319587628866,5
Q9BTV6,59.16,0.602116402116402,0.6857142857142856,0.0391304347826087,7
Q03001,50.83,0.4472612171480104,0.5235382687406127,0.036430834213305174,39
Q5T0N5,52.83,0.48639188454114657,0.5678689366189366,0.037815126050420166,8
O43823,52.05,0.348850871609248,0.45864712210866054,0.03260869565217391,12
Q8WXA3,49.89,0.4613417984465748,0.48515336619487615,0.04950495049504951,15
Q5VVW5,54.58,0.6666666666666666,0.6666666666666667,0.022556390977443608,3
Q96II8,52.58,0.3912720145292277,0.4586262844780963,0.027823240589198037,9
Q96A65,49.66,0.45081405746097575,0.5101956511462289,0.03645007923930269,15
Q9BZD4,45.88,0.3843185921267139,0.43435165138962745,0.0364963503649635,9
Q8NFQ8,51.74,0.38408000823978083,0.4539105339105338,0.0332409972299169,9
O43913,47.63,0.5711241690408357,0.7097222222222223,0.03614457831325301,6
B4DXK4,51.97,0.5219907005037021,0.5733843537414967,0.034055727554179564,8
Q14554,52.78,0.4160042338613767,0.47619047619047616,0.0457516339869281,12
P49770,54.36,0.5587509077705155,0.8333333333333333,0.09289617486338798,11
Q96IR7,56.02,0.6984126984126985,0.8888888888888888,0.04430379746835443,5
Q8TET4,52.82,0.6008079312662645,0.7615384615384616,0.04155124653739612,11
Q9H4H8,49.92,0.4893306272867998,0.5717703349282295,0.02526315789473684,9
A6NMH6,56.06,0.4548184900667789,0.5579176114890401,0.04318936877076412,11
Q6UWE0,51.71,0.4242444636644387,0.5199898237313203,0.033783783783783786,14
P82914,49.27,0.46287096801439875,0.5389705882352942,0.037383177570093455,4
P12694,48.64,0.4844031836219337,0.5208333333333334,0.03162055335968379,7
Q15648,51.23,0.3652038586941712,0.4845907159021912,0.02308265078183172,20
C9J5J4,45.73,0.5471357461459271,0.6168067226890757,0.0327455919395466,9
P32929,61.26,0.4515432098765433,0.5,0.06417112299465241,10
Q99487,53.36,0.6693877551020407,0.8,0.04,3
Q00059,52.62,0.4753787878787879,0.5555555555555555,0.05472636815920398,10
Q15291,63.84,0.43863301122109166,0.508148148148148,0.038922155688622756,6
B4DXZ6,48.51,0.4402903325788412,0.5341269841269841,0.038696537678207736,12
O95999,49.95,0.5417076435783919,0.638095238095238,0.03664921465968586,6
Q14677,53.72,0.4623485950870574,0.5428021284271284,0.024955436720142603,8
Q9Y673,52.35,0.8571428571428572,0.8571428571428572,0.03592814371257485,5
E7ESU7,55.45,0.61,0.64,0.031007751937984496,4
O14818,59.69,0.7676767676767677,0.9090909090909092,0.0661764705882353,4
Q14146,52.57,0.44337177955715185,0.5422328931572628,0.03225806451612903,16
O43172,52.31,0.5204596296600603,0.5900161030595813,0.03594771241830065,8
O43242,53.23,0.41356439177217486,0.5851851851851851,0.040345821325648415,9
Q8NFX7,49.35,0.4008547008547009,0.41025641025641024,0.033783783783783786,5
P11166,57.96,0.7064393939393939,0.9090909090909091,0.026785714285714284,5
Q96F44,49.58,0.4624649729731314,0.5275900236127509,0.03614457831325301,4
Q10570,49.43,0.45699625612889033,0.6017810760667905,0.03571428571428571,16
Q14331,50.32,0.617429193899782,0.7058823529411765,0.05056179775280899,9
J3QLM1,52.14,0.5754675383327705,0.6343599033816424,0.02349869451697128,4
P30038,49.89,0.603042328042328,0.6607142857142858,0.039525691699604744,9
Q7Z7A3,52.22,0.36083916083916084,0.4615384615384615,0.054187192118226604,9
Q2M296,55.55,0.48259018759018757,0.5555555555555556,0.0365296803652968,6
Q7Z2Z4,51.19,0.6321428571428571,0.7999999999999999,0.0425531914893617,5
Q9Y2H6,45.11,0.45150940134637135,0.48199647285693714,0.02751196172248804,18
P28072,62.98,0.7142857142857144,1.0,0.05185185185185185,6
Q9NX74,50.22,0.466591279091279,0.613095238095238,0.04150943396226415,10
D6RA26,57.17,0.5139440035273369,0.6666666666666667,0.0330188679245283,6
P33897,51.83,0.4865672683527337,0.5859241768332677,0.028629856850715747,9
Q8IYR2,47.98,0.560051104444195,0.6916099773242629,0.033783783783783786,8
Q9UBB4,51.99,0.6777548209366391,0.78125,0.045454545454545456,7
Q15493,63.2,0.6753246753246754,0.8571428571428572,0.08461538461538462,6
O94929,55.2,0.40646269074499264,0.4516647081864473,0.02735042735042735,11
Q8N4T8,61.62,0.6373626373626374,0.8571428571428572,0.10833333333333334,10
B7ZAA0,53.71,0.49731717394038405,0.5833333333333334,0.030612244897959183,15
Q8IXB1,53.63,0.5323238716020063,0.6074972377179507,0.03255813953488372,5
Q8IYK4,47.47,0.49024211049105043,0.6520833333333332,0.039473684210526314,11
F5H7T0,50.2,0.3784904522857862,0.4591644738703561,0.03203342618384401,15
Q96A35,47.63,0.7326108305274971,0.9090909090909091,0.03571428571428571,4
Q99988,51.8,0.5716690716690717,0.5952380952380952,0.0371900826446281,6
P62280,49.82,0.6071428571428571,0.75,0.06542056074766354,5
E5RIJ0,47.7,0.775,1.0,0.07751937984496124,9
Q86YB7,52.01,0.4855967078189301,0.6666666666666667,0.05202312138728324,6
Q9Y3B7,50.44,0.7575757575757575,0.9090909090909091,0.043795620437956206,5
O94830,55.13,0.49697769180135815,0.5886243386243386,0.03225806451612903,11
Q8IYS2,53.5,0.6459410419827086,0.7999999999999999,0.026881720430107527,7
P50336,51.19,0.75,0.75,0.02702702702702703,3
O43896,49.34,0.5032250205918303,0.5659680451127819,0.03414634146341464,16
Q9Y383,50.73,0.44553832655885844,0.5253993422598076,0.05504587155963303,12
P51805,53.44,0.43715084535520815,0.5414741131883988,0.031408308004052685,17
Q96ER3,50.46,0.45785456373691674,0.5029411764705882,0.04263565891472868,9
Q71U36,50.31,0.5956709956709957,0.7272727272727273,0.0797872340425532,12
J3QSH4,47.02,0.35270884956077647,0.4805481874447392,0.01935483870967742,5
P54577,47.59,0.5518754164651998,0.7105263157894737,0.043010752688172046,9
E9PPW7,50.69,0.46170183982683977,0.5089285714285714,0.03205128205128205,4
O94889,51.36,0.5661007973507973,0.6282051282051281,0.03146853146853147,6
O75970,53.06,0.4328937629887264,0.537338885935377,0.027219701879455604,28
P49638,54.76,0.65,0.7500000000000001,0.03676470588235294,4
Q8N1A6,51.77,0.619047619047619,0.8571428571428572,0.058823529411764705,3
Q9BQL6,50.38,0.548157437800295,0.6777777777777777,0.03723404255319149,8
Q9H6F5,54.42,0.36438167352683465,0.4255494505494506,0.033426183844011144,9
O75844,54.08,0.4015342174881648,0.5,0.028070175438596492,6
Q7Z3V4,50.94,0.4209306512708355,0.5792231842231844,0.03873239436619718,15
P55196,56.5,0.4099788389535193,0.4823575089956018,0.03566333808844508,23
Q05513,53.0,0.3959180223172147,0.49108367626886146,0.041791044776119404,8
Q00610,51.03,0.45894788660163416,0.5297576960076962,0.0368809272918862,26
P46952,54.95,0.6326530612244898,0.8571428571428572,0.09859154929577464,8
Q9BY42,51.95,0.4325956555521773,0.5259130434782608,0.0411522633744856,8
P50579,58.23,0.4745759032357882,0.5730994152046783,0.051094890510948905,10
Q9P2D6,51.64,0.4217943911971384,0.5710541310541313,0.028440366972477066,21
Q7KZ85,49.19,0.4117872582763212,0.5904359692594987,0.041852181656277826,26
P42338,51.16,0.5103969607440466,0.6111111111111112,0.03944773175542406,14
P25685,49.11,0.6461061507936507,0.8749999999999999,0.042735042735042736,7
P63241,51.99,0.5403846153846155,0.75,0.11711711711711711,7
Q9UK59,54.25,0.5283444622507122,0.6166666666666668,0.03858520900321544,7
P00387,54.39,0.5984848484848485,0.7272727272727273,0.04819277108433735,6
Q9UNN5,55.5,0.4155191987652579,0.4999762754392384,0.03777777777777778,11
Q14493,51.35,0.3245069127704874,0.376232741617357,0.04564315352697095,8
Q92968,54.59,0.4213007259718784,0.4774463631606489,0.024390243902439025,6
O75530,50.4,0.5826048026048026,0.7999999999999998,0.04329004329004329,7
Q6JQN1,50.06,0.5493740152752998,0.6803571428571429,0.034990791896869246,12
G5E9A7,50.84,0.5020861418065365,0.6394736842105263,0.026004728132387706,9
Q9Y2V7,46.22,0.42547642769278493,0.4553743300995913,0.03248259860788863,8
Q9UKN8,51.16,0.4847608621096261,0.5968253968253968,0.033707865168539325,11
Q96I15,57.2,0.614141414141414,0.7692307692307692,0.031818181818181815,6
F8W1I9,49.13,0.42308024221991836,0.5390873015873016,0.031476997578692496,11
Q86UD0,47.88,0.45968921746953784,0.5102564102564102,0.02997275204359673,8
P17029,56.89,0.406033792767697,0.5042016806722689,0.03353057199211045,14
Q8NBM4,51.21,0.49823633156966485,0.5277777777777778,0.02066115702479339,3
Q3KRA9,53.02,0.6172839506172839,0.6666666666666666,0.046875,3
P11532,53.8,0.5600789902737954,0.5833333333333335,0.031609195402298854,10
Q02878,52.3,0.28552232854864434,0.354066985645933,0.042735042735042736,9
Q9UF56,49.01,0.3888662988849886,0.4644927536231884,0.026584867075664622,11
F8W1T6,54.93,0.6008006126427179,0.7518796992481203,0.021352313167259787,4
Q9UHL4,61.09,0.7426948051948052,0.9090909090909091,0.034482758620689655,8
Q96FV9,49.98,0.38857674589201985,0.539751552795031,0.04072398190045249,15
P55211,48.95,0.6579034391534391,0.7341269841269842,0.03292181069958848,6
H3BNM4,49.58,0.3552731013842125,0.4444444444444444,0.039647577092511016,4
Q8NBP7,53.94,0.5817193561043829,0.6494117647058822,0.03216374269005848,9
B7Z9S8,56.91,0.5631313131313131,0.7272727272727272,0.09375,8
Q9H4I2,51.14,0.39903718887341516,0.4678819444444445,0.025331724969843185,12
Q92797,48.1,0.46495480018660856,0.5489493182554407,0.033532934131736525,16
Q4ZIN3,56.17,0.48786580400959484,0.5133333333333333,0.019271948608137045,8
F8VVS7,47.69,0.46385776532835354,0.5882352941176471,0.03383458646616541,7
P08195,52.92,0.4812045983792741,0.6076190476190475,0.029850746268656716,10
Q96SU4,50.82,0.5649943339111161,0.7185306122448979,0.03648068669527897,11
Q562R1,54.39,0.6571428571428571,0.8,0.04,3
E9PKB7,59.36,0.6500000000000001,0.8,0.037383177570093455,5
P00374,46.06,0.8,1.0,0.047619047619047616,2
P15907,50.11,0.5494318181818183,0.7272727272727274,0.034782608695652174,8
P28289,47.16,0.4307993879342035,0.5061919504643961,0.04059040590405904,9
Q7Z6M3,57.4,0.47948622398119584,0.5575308641975308,0.025830258302583026,6
Q07065,51.17,0.3631821262922199,0.4018044667478572,0.028862478777589132,12
P53370,55.42,0.6230218855218856,0.7727272727272727,0.039603960396039604,5
Q8IWV8,48.23,0.4517592933172141,0.5809700176366843,0.039568345323741004,17
O43516,57.52,0.41510695187165775,0.5882352941176471,0.02186878727634195,11
P12004,55.64,0.5425925925925926,0.7111111111111111,0.061068702290076333,5
Q9NVH0,48.25,0.5378529709141955,0.682312925170068,0.036458333333333336,11
Q15102,49.31,0.7083333333333334,1.0,0.06837606837606838,4
Q8WU39,61.93,0.32000000000000006,0.4,0.031007751937984496,3
Q969N2,51.34,0.4339986171236171,0.565,0.02622950819672131,7
Q9UGJ1,50.27,0.44665908726514786,0.6174603174603175,0.029333333333333333,9
Q8N130,62.59,0.479024019434789,0.5730576441102757,0.020833333333333332,4
Q9H1A4,52.1,0.41278104105184815,0.5454104375157007,0.02644003777148253,16
P62195,54.96,0.44446615819961544,0.48879999999999996,0.040740740740740744,8
P07195,62.17,0.6591424448567306,0.7792207792207791,0.04093567251461988,3
P51572,49.92,0.37540522478682714,0.4454946439823566,0.03317535545023697,7
H3BPB8,50.03,0.6984126984126985,0.8888888888888888,0.03626943005181347,6
Q96DT6,50.95,0.5477553310886644,0.6666666666666666,0.043137254901960784,9
Q8N9V3,55.08,0.6161501050389939,0.7487179487179486,0.03643724696356275,5
Q9H4L7,48.75,0.4112108811135826,0.5511312217194569,0.035555555555555556,16
J3KS15,49.75,0.6286023896738182,0.7152777777777777,0.03125,4
Q9H0Q0,50.24,0.7222222222222223,0.888888888888889,0.05063291139240506,8
Q9Y217,50.77,0.5574034371583392,0.6428571428571429,0.036585365853658534,7
P02649,54.84,0.47175297570220165,0.5946666666666667,0.03875968992248062,6
P30153,53.39,0.5801234567901234,0.7141414141414142,0.03985507246376811,9
F5GYQ1,55.28,0.5852813852813852,0.7272727272727273,0.05454545454545454,8
A0AVT1,49.23,0.4503446309777385,0.5426136363636362,0.03792415169660679,10
E9PPM8,59.16,0.6875,0.75,0.037267080745341616,3
O00462,54.83,0.6210813492063492,0.7142857142857143,0.03498542274052478,11
Q14699,54.22,0.44226885017279877,0.48255494505494495,0.03357314148681055,12
Q9Y2G3,56.26,0.5373600742619594,0.6447424435930184,0.029900332225913623,8
Q96DR4,48.02,0.7777777777777778,1.0,0.05714285714285714,4
P26368,53.4,0.4286920512679564,0.5333333333333333,0.035398230088495575,11
Q8NG68,51.42,0.5576923076923077,0.75,0.07471264367816093,7
O60271,54.31,0.38605386778311823,0.46563890384560874,0.032723772858517804,25
P53611,52.98,0.5454545454545455,0.5454545454545455,0.04477611940298507,6
Q8WUA7,54.86,0.5611443237832127,0.7863247863247862,0.035398230088495575,10
Q9C0K1,54.17,0.5482649039413745,0.5964444444444443,0.02120141342756184,4
Q12965,50.88,0.4569033764693987,0.5736263736263736,0.03508771929824561,11
H3BUF6,52.71,0.3373711718810242,0.3894654823126071,0.01730769230769231,15
Q9H583,47.7,0.449969545710749,0.536533131771227,0.03760071620411817,32
P35914,51.57,0.5944638694638694,0.6794871794871795,0.031055900621118012,3
Q15599,52.95,0.5494251633140521,0.5925925925925926,0.03557312252964427,9
P19338,52.93,0.343435796342003,0.4642445213379469,0.048109965635738834,16
Q96E11,51.45,0.5208947402864514,0.5967365967365967,0.041025641025641026,4
P78362,52.09,0.4681387254291391,0.6211032800216862,0.03862660944206009,10
Q8TB96,57.57,0.5315285204991088,0.7156862745098038,0.02857142857142857,7
Q9UPS6,54.46,0.35147798386967516,0.4632453073242547,0.026044492674986434,29
Q96DF8,48.94,0.52848435018612,0.6283866633072981,0.030973451327433628,7
P51948,55.1,0.42816962534187414,0.5188995215311004,0.04,8
P78536,52.64,0.4946757903112367,0.598177542621987,0.036053130929791274,15
Q96CB9,50.75,0.3563279428904429,0.39038461538461544,0.03482587064676617,6
Q14693,55.48,0.3939125121382998,0.49019607843137264,0.02849002849002849,18
Q5T3U5,54.34,0.4717627223748116,0.6333333333333334,0.021963824289405683,13
Q9ULX3,48.67,0.6453302253302253,0.8,0.034482758620689655,8
O95336,59.35,0.5714285714285714,0.5714285714285715,0.05785123966942149,4
Q14344,52.66,0.5078099762740285,0.6218487394957982,0.043689320388349516,8
Q9BVC5,49.94,0.48356009070294786,0.5304232804232805,0.032407407407407406,5
J3KR55,45.94,0.6474578934137757,0.7549019607843136,0.02867383512544803,5
O76031,51.06,0.48302696188263095,0.5517241379310344,0.03382663847780127,13
Q9H8H0,55.8,0.4589514463837317,0.5111658456486042,0.03537735849056604,11
O43820,50.73,0.5833333333333334,0.7500000000000001,0.0273972602739726,3
B5MD46,52.5,0.46356869347065416,0.5254010695187166,0.036290322580645164,7
B9A067,56.11,0.4868679196770939,0.5336204125345496,0.032534246575342464,11
Q9ULL5,51.08,0.3969855999543774,0.49026479693146363,0.020964360587002098,22
P12955,55.59,0.7706349206349205,0.8,0.039473684210526314,6
P08473,59.21,0.482762910818573,0.5496436669906057,0.040697674418604654,11
Q6ZNA5,53.39,0.49003657018362895,0.5525846702317291,0.024390243902439025,6
Q8N983,60.14,0.49870370370370354,0.5324074074074073,0.027777777777777776,2
Q8TF72,56.27,0.3904242733716321,0.4943093760827751,0.0256,22
P52790,51.13,0.5125617268609879,0.5891215106732348,0.03170731707317073,10
Q5QNY5,53.75,0.6666666666666669,0.6666666666666669,0.046153846153846156,7
Q96BD5,52.69,0.46834231488561207,0.5659507612568837,0.021638330757341576,7
P14550,51.25,0.6990740740740741,0.75,0.0410958904109589,6
Q9BSQ5,55.36,0.47072762957716524,0.543859649122807,0.033950617283950615,9
Q8TA86,55.35,0.31958806818181823,0.4107142857142857,0.04878048780487805,8
P35813,51.17,0.6307692307692307,0.7999999999999999,0.07103825136612021,9
Q9BQC3,55.08,0.6521990740740741,0.7592592592592592,0.02768166089965398,7
Q96G23,52.57,0.5843236664042585,0.6622222222222222,0.0273972602739726,3
Q99633,49.5,0.4404951367594905,0.4850480109739369,0.04435483870967742,9
Q14161,51.66,0.48556962717259944,0.5651111111111111,0.029684601113172542,6
Q9Y5Q9,45.87,0.43090841243314415,0.5658915610135121,0.039923954372623575,12
Q7Z2W4,48.33,0.44955755782819007,0.5333333333333333,0.029411764705882353,17
Q9H7E9,49.63,0.483840811965812,0.5833333333333334,0.0330188679245283,6
Q9BYE7,51.2,0.3180124484985066,0.4249084249084249,0.039711191335740074,8
B4DK95,52.75,0.45328793197125555,0.5390211640211638,0.03550295857988166,9
F8VYN9,52.93,0.6666666666666666,0.6666666666666667,0.06306306306306306,7
Q9HA47,54.14,0.6504629629629629,0.8333333333333334,0.03910614525139665,6
Q5THK1,52.2,0.36140393884779354,0.4899201395732007,0.026204960224613945,38
Q9P206,52.68,0.4637227486339178,0.5690476190476189,0.019398642095053348,17
P15882,51.07,0.6073061618516165,0.7777777777777778,0.043137254901960784,9
Q3YEC7,57.16,0.3749730183826206,0.5127946127946127,0.03129890453834116,15
Q5TA04,56.87,0.45652495792645664,0.5330952380952381,0.03745318352059925,12
Q96AE4,53.87,0.5569321762883112,0.6084415584415584,0.022263450834879406,10
Q5W111,53.68,0.6375000000000001,0.75,0.036036036036036036,2
Q8IUF8,49.96,0.5338901838901838,0.863095238095238,0.046511627906976744,9
O15479,47.48,0.5368393789446421,0.631578947368421,0.03896103896103896,6
Q8IZP0,54.75,0.33557702748532364,0.3738888888888888,0.021691973969631236,8
P81877,56.33,0.7576530612244896,0.7976190476190476,0.020289855072463767,5
P08581,51.28,0.4303731881743465,0.5295296167247386,0.02875816993464052,14
Q9UNH6,49.39,0.46783700694730107,0.6018518518518517,0.03937007874015748,8
Q8NI35,54.83,0.38347858142051483,0.520437555405602,0.028037383177570093,33
P13639,56.95,0.5021564542250567,0.5869565217391304,0.04619565217391304,13
Q8N668,54.43,0.6728395061728397,0.7037037037037038,0.041666666666666664,6
Q8WWH5,50.02,0.5680224867724868,0.6857142857142858,0.03508771929824561,7
Q9Y5S2,50.91,0.44381278212022407,0.5102551354723278,0.03697478991596639,26
P52798,55.39,0.7111111111111112,0.8888888888888888,0.03546099290780142,4
P24928,51.97,0.384103772764906,0.5031746031746032,0.025833333333333333,22
E9PND3,57.53,0.29761904761904756,0.5,0.0457516339869281,6
Q5T8I3,48.8,0.42439755460588796,0.5,0.03169014084507042,5
P68104,52.37,0.6147186147186146,0.7727272727272727,0.06698564593301436,8
E9PRE7,45.9,0.5164655605832076,0.7051282051282052,0.06463878326996197,13
Q92620,50.7,0.37854959370324326,0.5043650793650793,0.04156769596199525,16
Q86V59,46.59,0.4375360022856349,0.5141478466386554,0.03655352480417755,8
Q86UU0,55.27,0.48627062664653264,0.6185941744648495,0.01417004048582996,9
H0YHC3,51.81,0.5683407738095239,0.6770833333333334,0.045714285714285714,6
Q9H0G5,56.83,0.40141527915948233,0.4606977513227513,0.04684684684684685,14
Q3ZCQ8,52.15,0.6841628959276018,0.7738562091503267,0.0311284046692607,7
Q9H7Z3,46.81,0.4469506428621234,0.5656600851722804,0.036671368124118475,17
O43432,49.67,0.4283340742989441,0.5472479005013251,0.03179409538228615,21
P38117,53.26,0.7643784786641931,0.9090909090909092,0.04794520547945205,5
Q14573,47.66,0.4312631217203193,0.5000585044030736,0.03459320948110186,30
Q659A1,58.58,0.4583286368547298,0.5548262548262548,0.03125,17
Q9H9A6,48.74,0.47364814316737386,0.6,0.04075235109717868,9
H0YD13,52.65,0.6469780219780219,0.6923076923076923,0.022222222222222223,4
Q9H1J1,56.06,0.42825323060314435,0.5032776843752453,0.04504504504504504,11
Q96MX3,52.4,0.25795271982395196,0.32307692307692304,0.028469750889679714,14
Q9NZ01,51.63,0.5676190476190476,0.6666666666666667,0.028901734104046242,1
D6RAN4,48.3,0.75,0.75,0.05,1
Q12933,53.07,0.5155312153842821,0.5713809523809523,0.03361344537815126,8
Q2PPJ7,50.65,0.4446631790939213,0.5208547458547458,0.031055900621118012,21
Q6A1A2,48.0,0.599700710811822,0.7142857142857143,0.037815126050420166,6
B7Z7F3,57.95,0.4331035281442064,0.5205555555555555,0.029017857142857144,10
Q99447,54.05,0.675010175010175,0.8461538461538461,0.04054054054054054,8
E9PS00,54.8,0.5088865546218487,0.5504201680672269,0.028225806451612902,6
Q68CK6,48.02,0.6153198653198654,0.7272727272727273,0.036585365853658534,9
O75695,53.48,0.5737388020476255,0.6,0.041884816753926704,7
B3KUE5,60.16,0.46344878829446734,0.5802469135802469,0.0313588850174216,8
Q9C0D5,50.52,0.4353760892660088,0.5112533795569509,0.025894897182025894,26
P67809,55.38,0.41637512813983396,0.5240641711229946,0.031578947368421054,6
P32019,48.98,0.42353469341644256,0.5122807017543859,0.03523489932885906,13
Q9UBL6,51.63,0.4814696106362773,0.6123456790123456,0.03278688524590164,8
O94762,49.65,0.3990579634616756,0.5022245073740089,0.03314121037463977,17
Q53EZ4,49.72,0.49387157642453705,0.5228612909664277,0.037037037037037035,11
P27695,49.11,0.4308870214752568,0.4901960784313725,0.043478260869565216,6
Q8N5Y8,52.35,0.6128136319462849,0.6904761904761905,0.03626943005181347,6
P78332,47.56,0.39822880833435287,0.48596540986246867,0.0377541142303969,22
H7C3Q6,52.4,0.7070707070707072,0.8888888888888888,0.07913669064748201,4
P43652,60.31,0.6272657794880018,0.7393939393939394,0.04013377926421405,11
Q9BX95,54.03,0.5446886446886446,0.6461538461538462,0.026515151515151516,6
Q8NEC6,51.14,0.5438752939447383,0.5873015873015872,0.03088803088803089,6
P78524,50.56,0.4654383582468466,0.5298948688271605,0.030474040632054177,15
O43379,53.08,0.4475275347139346,0.565922619047619,0.02585410895660203,18
Q6YN16,50.66,0.6935385602052269,0.8333333333333333,0.043689320388349516,5
Q8TEW8,53.7,0.39555222144414437,0.4874574829931973,0.03125,26
B4DQA8,58.74,0.7135714285714284,0.7678571428571427,0.0364963503649635,5
Q96AP0,49.91,0.4299023797553209,0.49411764705882355,0.02506265664160401,8
Q9BQ04,50.85,0.5369927343611554,0.631578947368421,0.030201342281879196,6
Q5T6S3,50.13,0.35699742437050125,0.5435833333333333,0.03209876543209877,11
Q9P2X3,50.3,0.4878105163192882,0.5567251461988304,0.043689320388349516,6
Q96GS6,54.3,0.6326530612244898,0.8571428571428572,0.08484848484848485,10
Q8N122,50.35,0.4344318797122061,0.5354509545753785,0.030346820809248554,16
Q96F10,51.65,0.6666666666666667,0.6666666666666667,0.05982905982905983,4
Q7L273,53.71,0.5735821576392264,0.7058823529411764,0.034782608695652174,7
Q01850,56.26,0.4707775290603236,0.5285510785510786,0.030837004405286344,10
Q9NP92,46.62,0.5187440988366914,0.6458333333333334,0.036734693877551024,8
Q15633,53.45,0.4931145706145706,0.5555555555555556,0.02962962962962963,5
P43366,48.15,0.4847416193197926,0.5225672877846791,0.03802281368821293,7
Q8NEN9,51.73,0.45775647554668203,0.533876811594203,0.03172866520787746,17
Q92576,55.96,0.4067670014160877,0.5067066700694912,0.03207150368033649,39
P55060,50.66,0.46444994692019653,0.5621693121693121,0.0350109409190372,11
P51790,54.22,0.341299934474027,0.4153361344537816,0.028368794326241134,9
P05388,50.98,0.32535002875911967,0.36363636363636365,0.030303030303030304,6
Q9BV57,52.02,0.75,0.75,0.05319148936170213,5
C9J1X0,49.61,0.42185230839760024,0.534157905586477,0.03023758099352052,14
Q02156,50.05,0.5286317078282055,0.6794590643274854,0.04066985645933014,12
B0QZ18,52.76,0.5093368822535488,0.6354166666666666,0.03214285714285714,6
F5GYN4,52.97,0.5,0.5,0.12403100775193798,7
Q13686,49.32,0.4507575757575758,0.5714285714285715,0.03980099502487562,6
E7ER68,52.7,0.4812703399502205,0.5394524959742351,0.03456221198156682,11
Q5U5Q3,54.8,0.40716551620153124,0.48546315077755225,0.02364864864864865,10
P16662,48.94,0.6097171717171718,0.6844444444444444,0.03501945525291829,6
P02549,46.55,0.3249964611896891,0.37942354294964215,0.04326328800988875,43
O94806,47.8,0.5300613907790965,0.637,0.029982363315696647,10
Q01658,56.26,0.46891133557800224,0.49382716049382713,0.03164556962025317,5
Q9Y446,47.96,0.5802846504000949,0.7501388888888889,0.03177570093457944,13
O15111,47.04,0.5368067269182755,0.6355925925925926,0.034722222222222224,8
P49757,53.04,0.5511357599267016,0.6756923076923076,0.024179620034542316,7
Q86Y07,50.53,0.4285092592592594,0.5333333333333334,0.04664723032069971,14
P36873,53.2,0.6280906593406593,0.6730769230769231,0.053691275167785234,6
Q96BY7,54.3,0.43983247354497623,0.5128413872710639,0.026954177897574125,22
Q5JUR7,47.61,0.575,0.75,0.08928571428571429,5
Q15654,52.55,0.46865520282186945,0.5294871794871795,0.022277227722772276,8
Q9H9V9,49.86,0.6412698412698413,0.8,0.07142857142857142,12
Q14674,51.58,0.45413205434449433,0.5331679339943803,0.03225806451612903,21
Q86YS7,52.62,0.5197279292218738,0.6433566433566433,0.03019538188277087,14
Q96FA3,50.36,0.6714285714285714,0.7999999999999999,0.03333333333333333,6
P48739,54.86,0.8571428571428571,0.8571428571428572,0.05263157894736842,6
P18124,55.69,0.36523109243697477,0.47058823529411764,0.049079754601226995,8
B7Z1W9,48.75,0.6319668862282498,0.704861111111111,0.04247104247104247,9
P23634,55.02,0.4634398448797384,0.5211256336256337,0.03278688524590164,13
O75191,48.22,0.6258730158730158,0.7047619047619048,0.06756756756756757,10
Q14469,50.61,0.42521645021645027,0.4613095238095238,0.019230769230769232,4
O15037,50.62,0.4491120032613136,0.5257645580226226,0.032388663967611336,12
Q14240,55.91,0.6290764790764791,0.9090909090909091,0.05405405405405406,9
Q92585,53.35,0.3465312115478667,0.42798511904761904,0.014763779527559055,10
Q8N2K0,52.32,0.6056870958259847,0.7854166666666667,0.03896103896103896,5
B1AK81,52.59,0.48753306878306873,0.5333333333333332,0.02843601895734597,6
Q96QK1,52.76,0.3833663457561383,0.5023881861772487,0.04591836734693878,16
Q92851,51.03,0.5297083917454288,0.5827160493827159,0.0339943342776204,7
Q86YS6,55.42,0.6250000000000001,0.75,0.046875,6
C9JDR0,45.82,0.6203515928515929,0.7583333333333333,0.03636363636363636,6
P13612,62.02,0.4211984900527533,0.4798382496056914,0.03423423423423423,17
Q8NEU8,49.15,0.4619142214389918,0.5258448540706605,0.032327586206896554,8
P48729,51.85,0.6875,0.8333333333333333,0.0425531914893617,7
Q9BPX7,49.25,0.6596139046139046,0.7777777777777778,0.041666666666666664,8
P29323,54.78,0.3671516610853747,0.41320684523809514,0.02923076923076923,13
Q8N9M5,48.79,0.40498476251015497,0.456140350877193,0.02912621359223301,8
Q9NVM4,50.65,0.44993170004134914,0.5131578947368421,0.039735099337748346,9
P51398,50.05,0.7050925925925927,0.9166666666666666,0.043689320388349516,7
O00566,53.47,0.37552527093791793,0.44673398256116914,0.042879019908116385,18
Q9UKV8,61.27,0.46064155982905974,0.54,0.03631961259079903,12
O43447,51.2,0.8000000000000002,0.8,0.06741573033707865,2
Q8IUC4,50.04,0.5742110453648915,0.7222222222222222,0.034666666666666665,10
Q9Y2X0,52.05,0.4503051234699435,0.5193905817174514,0.030373831775700934,11
O75475,51.68,0.3866264134033039,0.48360389610389615,0.04535637149028078,18
J3QRV5,50.9,0.5317603697329767,0.6820987654320986,0.03639846743295019,13
F5GWD3,50.55,0.5836538461538462,0.7692307692307693,0.03278688524590164,4
P10301,55.79,0.7104056437389771,0.7901234567901234,0.03816793893129771,3
Q5SSJ5,50.33,0.3027199177960953,0.41281512605042014,0.03991130820399113,14
Q15542,49.41,0.529233959456564,0.6150352733686066,0.031446540880503145,10
P01859,60.51,0.5913637329931973,0.6409013605442176,0.02877697841726619,5
O75629,59.32,0.4444444444444445,0.4444444444444445,0.036231884057971016,5
P10244,51.7,0.38842772179175594,0.4754415954415955,0.0296875,12
A2A2Q9,49.2,0.6492673992673992,0.7912087912087912,0.03319502074688797,6
Q07617,48.87,0.47483983950840425,0.5616657213083759,0.040059347181008904,18
Q96QC0,54.14,0.42104022990856826,0.5398033269001011,0.025142857142857144,14
P39656,51.72,0.42934139066951577,0.4851851851851853,0.03065134099616858,8
P60891,59.25,0.5438271604938271,0.6944444444444445,0.056962025316455694,4
Q8TD19,51.84,0.5159582016013207,0.6450225459590703,0.03171953255425709,13
B4DYI6,51.29,0.5672727272727273,0.7272727272727273,0.028901734104046242,4
Q8N556,55.48,0.4783300167613316,0.6186695472139707,0.03431372549019608,9
A4D1P6,55.97,0.5198067098511474,0.5990056559022076,0.033264033264033266,11
O00625,53.15,0.8571428571428572,0.8571428571428572,0.06201550387596899,4
P51149,57.48,0.4810606060606061,0.7575757575757575,0.06666666666666667,6
R4GN33,50.74,0.4146209150326797,0.472,0.03896103896103896,7
Q15428,49.32,0.6036738559059988,0.7142857142857144,0.029197080291970802,12
Q8TAT6,52.08,0.5679781472089165,0.6444444444444445,0.03672316384180791,11
E5RHK8,50.67,0.4395357190685612,0.5106326422115895,0.0399002493765586,7
O75419,47.4,0.42215901704049696,0.5115384615384615,0.04597701149425287,7
Q8TAA9,55.98,0.40852033067488824,0.5022273425499232,0.03233830845771144,12
Q9Y6I3,52.47,0.5237679652648691,0.5791979949874687,0.02186878727634195,5
E9PD53,48.06,0.4291476529381421,0.5512526609746605,0.04513064133016627,26
O95352,51.01,0.5288976207533712,0.6456790123456791,0.03296703296703297,9
Q9H019,48.75,0.49627340252340246,0.5769230769230769,0.027491408934707903,5
P08754,52.66,0.6054781124225568,0.761904761904762,0.04891304347826087,7
Q16587,52.28,0.4479869997622407,0.592485119047619,0.02888086642599278,14
Q9HCE0,51.84,0.44400064297762243,0.5029623775892432,0.02874331550802139,30
Q6NXT1,52.06,0.5509705538453881,0.699248120300752,0.03365384615384615,7
O00291,51.98,0.44293942215503856,0.5441726482134644,0.037037037037037035,16
Q96G28,49.66,0.4449845003521291,0.5344827586206897,0.041237113402061855,9
C9J6Q8,53.34,0.5333333333333334,0.8,0.05454545454545454,4
Q9HB90,58.7,0.6110077711640212,0.6666666666666666,0.032520325203252036,7
P49593,51.0,0.4871895780986689,0.6147186147186147,0.045081967213114756,7
B7Z5N5,48.45,0.5869463869463869,0.717948717948718,0.03367003367003367,6
Q9P2K3,50.22,0.46660431318626117,0.5694444444444443,0.02745995423340961,10
H0YL72,52.14,0.7761904761904762,1.0,0.03626943005181347,6
Q70UQ0,53.0,0.45576114290863323,0.49299190132523457,0.03142857142857143,9
Q8TBM8,53.73,0.5231268731268731,0.5923076923076923,0.03691275167785235,9
Q58FF8,50.94,0.4811684531133344,0.5299719887955182,0.04778156996587031,6
Q12905,56.53,0.5541494876651126,0.6572916666666665,0.03571428571428571,7
P98082,51.66,0.3723133180276667,0.46419077998025365,0.02109704641350211,12
P42704,46.48,0.45794236081052975,0.5460511033681766,0.04219948849104859,25
Q9NUX5,50.2,0.45242504409171075,0.5041152263374485,0.02857142857142857,9
Q9NZL9,56.36,0.604761904761905,0.6333333333333333,0.04,7
P51665,51.11,0.42728157348656737,0.4686428910113121,0.0392156862745098,6
Q06481,54.27,0.3558914564079162,0.4308635778635779,0.03398058252427184,9
O43776,53.05,0.5244151019533894,0.676923076923077,0.04391891891891892,10
E9PSI1,54.01,0.4877128055822085,0.6142687277051131,0.027985074626865673,8
Q9BSU3,50.53,0.6045177045177045,0.7846153846153845,0.03896103896103896,2
C9JG63,48.79,0.3782342794054791,0.45646258503401355,0.035398230088495575,9
O60508,53.52,0.30230884676548636,0.46439634439634436,0.03814713896457766,9
P19367,50.88,0.5047889498684422,0.6161220043572985,0.046153846153846156,12
Q96EY4,54.62,0.5628962255485424,0.689102564102564,0.049079754601226995,6
Q01970,51.51,0.4463437142099949,0.5340454506559629,0.03908355795148248,19
O94913,50.79,0.41082131880001993,0.4825935757778894,0.027472527472527472,24
Q96F25,52.85,0.75,1.0,0.031746031746031744,2
Q13576,47.3,0.40579187595195076,0.46095375279476464,0.04045643153526971,21
Q8TCX1,48.9,0.6785336356764928,0.8571428571428572,0.045871559633027525,8
E9PD50,46.93,0.420894136688978,0.5761854424645121,0.021621621621621623,15
J3KTF8,53.84,0.6197751322751323,0.7962962962962963,0.05517241379310345,6
C9J8B8,54.15,0.638558201058201,0.75,0.0313588850174216,7
P11802,48.96,0.592,0.8,0.03184713375796178,4
Q6NTE8,51.89,0.35956124653423455,0.48979591836734687,0.02821316614420063,7
Q8N5M1,58.78,0.5656565656565659,0.7272727272727273,0.05,9
Q9NYZ3,47.09,0.44953825083109383,0.6077884857646763,0.024423337856173677,13
P20700,54.28,0.35569716138901597,0.40312334512610637,0.037037037037037035,13
F5GZ78,55.57,0.5284141344263628,0.5648829431438127,0.023575638506876228,9
Q9GZQ3,53.53,0.6380952380952382,0.7999999999999999,0.04242424242424243,7
D6R9U7,52.17,0.3390049870532327,0.39920634920634923,0.05045871559633028,7
M0QYH2,47.37,0.4307942338245368,0.4938271604938271,0.03559870550161812,9
Q9H115,49.7,0.635897435897436,0.7692307692307693,0.06060606060606061,8
Q96TA2,51.34,0.5113021439222765,0.5871848739495799,0.029982363315696647,8
P61224,60.42,0.5147058823529411,0.75,0.17,7
Q9HD15,53.5,0.4183226495726496,0.5,0.038461538461538464,6
Q9HAV4,48.69,0.4067328889996119,0.479343520090549,0.035256410256410256,18
P25788,55.89,0.8409090909090909,1.0,0.08396946564885496,6
Q5VV42,49.66,0.610668498168498,0.6740740740740739,0.03896103896103896,9
Q13630,55.95,0.8,1.0,0.06289308176100629,6
Q14CS0,51.87,0.5635371519971194,0.6984126984126985,0.034220532319391636,6
Q8IZN3,56.28,0.42090970140970135,0.49411764705882355,0.019886363636363636,6
P41227,52.36,0.5844276094276094,0.606060606060606,0.0410958904109589,3
Q00613,51.87,0.5164219856841314,0.6746666666666666,0.024640657084188913,11
C9JLV4,48.88,0.4492808308169804,0.5498511904761905,0.04119850187265917,11
C9JJ19,51.47,0.42777777777777776,0.5714285714285714,0.03870967741935484,4
Q8TE04,52.35,0.49155963127898844,0.6202898550724638,0.02912621359223301,10
Q8WV60,46.92,0.641215574548908,0.7692307692307694,0.03829787234042553,8
Q9BUQ8,53.19,0.4440028717662027,0.5363965824425009,0.0528169014084507,15
Q86YQ8,49.45,0.5812567549409654,0.7287449392712552,0.03678929765886288,8
Q92854,56.16,0.5519277147908099,0.7019927536231885,0.030828516377649325,11
Q9BPW8,53.09,0.5831679894179895,0.6666666666666667,0.040229885057471264,6
Q8N335,52.33,0.6507936507936508,0.6666666666666669,0.04827586206896552,6
B4E1Z4,51.73,0.5594383174472665,0.7004658385093169,0.032,10
O95373,52.88,0.33270202197911564,0.4150191570881226,0.04007633587786259,19
Q01433,58.25,0.5736242104567856,0.7353535353535353,0.04066985645933014,10
P38571,59.76,0.5382716049382715,0.6666666666666667,0.03409090909090909,4
Q9Y4R8,46.89,0.49995928769835163,0.6025806451612904,0.034858387799564274,12
P11234,58.27,0.673076923076923,0.75,0.05,4
J3KQ32,52.16,0.6422687555500055,0.8203125,0.04329004329004329,9
A6PVN5,53.41,0.7215167548500881,0.8888888888888888,0.075,11
Q9C037,49.07,0.4163400275932313,0.5110864197530866,0.036312849162011177,6
M0QXL5,49.83,0.4476190476190477,0.4761904761904763,0.07042253521126761,7
F2Z2B9,48.01,0.5155635164804119,0.6598095238095237,0.031982942430703626,11
Q6UVJ0,50.0,0.4833387062919281,0.5199429237229498,0.03015075376884422,12
Q9H773,58.58,0.5692857142857143,0.6000000000000001,0.03424657534246575,4
P12109,55.65,0.39268218926125215,0.4498757763975155,0.03197674418604651,16
Q9C0F1,49.3,0.5058243145743145,0.6341666666666667,0.03273809523809524,7
Q96RP9,49.51,0.5578477078477079,0.671111111111111,0.03978779840848806,11
D6RE84,52.56,0.6122448979591836,0.8571428571428572,0.07368421052631578,4
Q96I51,54.83,0.5514722006388673,0.6400000000000001,0.03333333333333333,7
Q9UPQ9,53.24,0.38984171785991256,0.5038157904507385,0.017837235228539576,25
P02545,57.41,0.4261582538241759,0.4959417671544888,0.03403565640194489,15
Q9UBQ7,52.66,0.7411564625850341,0.9,0.04046242774566474,4
Q96M20,52.6,0.46460133200933423,0.5853243530662886,0.034653465346534656,11
O94927,47.01,0.4142875651424023,0.47333804713804717,0.028119507908611598,14
Q96EE3,54.86,0.4555555555555555,0.6,0.029850746268656716,6
Q9BT30,48.4,0.6666666666666667,0.6666666666666667,0.03361344537815126,1
Q8TCS8,50.55,0.4996244334769345,0.5993279569892471,0.03640776699029126,9
P08133,51.41,0.4860859949597418,0.5753968253968254,0.04953560371517028,10
B0QY89,53.34,0.4527137943191455,0.5217391304347826,0.035326086956521736,8
Q9NWB6,55.8,0.4031093178148775,0.4440129655953793,0.054945054945054944,9
Q96SL8,58.75,0.3601902118349487,0.4861842105263158,0.025943396226415096,9
O00124,51.24,0.4627785204991087,0.49732620320855614,0.03375527426160337,7
Q9P2J9,48.17,0.5634369488536155,0.6944444444444445,0.04054054054054054,11
P02763,56.17,0.7407407407407409,0.888888888888889,0.04838709677419355,3
Q96C86,57.2,0.5812419062419062,0.7029914529914529,0.044642857142857144,7
Q9P032,53.3,0.6426954732510288,0.7666666666666666,0.0379746835443038,4
Q6UX07,46.35,0.5343295304232804,0.6666666666666666,0.03167420814479638,6
Q00169,55.42,0.8125,1.0,0.0625,5
Q9UQQ2,46.45,0.41983871365091296,0.4793233082706766,0.025423728813559324,9
D6R9D6,49.56,0.517304725736841,0.5887445887445888,0.03435114503816794,6
Q14697,50.11,0.5651656148289275,0.6552631578947369,0.03561643835616438,10
Q5JSZ5,58.91,0.3893654693271888,0.469373568619814,0.02645985401459854,30
Q08209,54.56,0.7036078574203575,0.875,0.033783783783783786,7
Q7Z333,46.12,0.4158440061159642,0.5121946359923727,0.03251625812906453,39
B4DH70,51.39,0.4577030516963776,0.5290322580645161,0.03754266211604096,9
P48723,51.28,0.5963511559665406,0.7230769230769231,0.03501945525291829,7
O94782,48.14,0.47578558466716986,0.5495173745173746,0.03666666666666667,15
P02533,55.31,0.4491161032987226,0.5098009772596549,0.02754237288135593,10
P02462,55.48,0.4761904150890551,0.6481717011128776,0.016624040920716114,25
O43837,50.24,0.5569584736251403,0.6262626262626262,0.045,8
J3KSS7,49.21,0.45219008538948263,0.604373897707231,0.022857142857142857,8
Q9Y2H1,48.61,0.6402777777777778,0.9333333333333333,0.04918032786885246,9
Q9H2P0,50.39,0.38674545650786935,0.4769358738625879,0.028925619834710745,19
P49411,49.16,0.6012876012876013,0.6593406593406593,0.046218487394957986,9
Q9P219,50.45,0.39808557678114714,0.4684735842894586,0.031721268850754034,35
P11182,55.61,0.6602100373482724,0.72,0.02932551319648094,6
Q14671,49.23,0.46505514171572687,0.6073755073755074,0.016798418972332016,10
M0QXD0,48.92,0.4144814814814815,0.528888888888889,0.026737967914438502,5
C9JP16,51.05,0.44712622940914254,0.4967948717948717,0.03501945525291829,8
Q16385,48.44,0.5882170464339581,0.6946875,0.04046242774566474,4
Q12874,48.03,0.4413100600847248,0.5596760443307759,0.042134831460674156,11
Q9UKD2,47.75,0.45833333333333337,0.5714285714285713,0.05128205128205128,7
Q9NZC9,50.09,0.5218359504114992,0.6202140309155766,0.03079416531604538,14
P43490,57.42,0.6295346679464325,0.7647058823529411,0.04291845493562232,5
Q8IVW6,47.62,0.44052336117041996,0.5592727272727273,0.025590551181102362,11
Q96EP9,52.18,0.47760089869281036,0.5166666666666667,0.017605633802816902,3
Q8N4N3,49.9,0.470572440087146,0.5626666666666666,0.0380952380952381,11
Q6ICJ4,58.5,0.5111111111111111,0.6000000000000001,0.06923076923076923,6
Q8N5X7,54.15,0.65,1.0,0.0364963503649635,5
E9PC15,54.29,0.5208333333333334,0.6666666666666667,0.03669724770642202,8
Q9Y3D9,50.13,0.5442925051419972,0.599498746867168,0.03680981595092025,4
Q9UQ88,51.85,0.40010925389150637,0.489586990918352,0.048,20
Q8WVL7,52.74,0.5208575096705348,0.5476190476190476,0.04430379746835443,6
Q5JSH3,56.27,0.4248328875364286,0.4928472222222223,0.03463855421686747,15
Q9UBU6,54.49,0.3885897435897436,0.4384615384615384,0.02185792349726776,6
O43414,50.42,0.5819047619047619,0.7142857142857143,0.021645021645021644,5
Q8WUE5,46.92,0.4672498797498798,0.48888888888888893,0.03314917127071823,5
P56537,58.71,0.575,1.0,0.08264462809917356,8
P10643,54.25,0.4829831599741425,0.5238095238095238,0.031007751937984496,12
Q8WUA4,49.91,0.4353292361066484,0.5171875,0.027472527472527472,11
P84077,55.29,0.7,1.0,0.10204081632653061,5
Q8WYK0,53.03,0.6742933177933178,0.7707692307692308,0.03597122302158273,7
Q9NVW2,49.22,0.4150364804528052,0.5382594417077174,0.028622540250447227,13
P17152,51.75,0.4772727272727272,0.7272727272727272,0.03225806451612903,3
Q7Z7A4,51.09,0.5822378379196561,0.7708333333333333,0.03197674418604651,6
Q9Y2L1,48.8,0.5230364914017859,0.6353333333333333,0.042682926829268296,16
Q99570,50.27,0.47101247196471907,0.5388669980341153,0.03306878306878307,17
Q9NR50,50.21,0.663003663003663,0.923076923076923,0.04032258064516129,8
Q8IXK2,48.51,0.5589151761891216,0.6710526315789473,0.04240282685512368,9
Q9BTV5,50.62,0.47227354650366,0.5417384731670445,0.0345821325648415,6
O76021,55.54,0.41265310482120054,0.47837750484809316,0.041666666666666664,12
Q9NSC5,52.77,0.4316823068142727,0.5124269005847953,0.03194888178913738,9
Q9UBI1,51.54,0.5083333333333334,0.5416666666666667,0.03571428571428571,5
Q5T427,49.67,0.5473374217452829,0.6650563607085346,0.028169014084507043,5
Q9NW15,51.97,0.5199613023142435,0.6052631578947368,0.03234501347708895,9
Q8NC06,52.43,0.5216049382716049,0.6666666666666666,0.04390243902439024,7
P29084,49.65,0.48747683439772665,0.5643697478991597,0.04201680672268908,6
O95905,49.92,0.5179302873835938,0.6507352941176471,0.03686635944700461,11
Q53ET0,52.88,0.3162620017095721,0.3384615384615385,0.015895953757225433,9
P55039,51.63,0.5441595441595442,0.6153846153846154,0.04390243902439024,5
Q9H694,53.94,0.37993062526883775,0.4656086229851846,0.024173027989821884,10
Q14320,51.44,0.4343983463410566,0.5322393822393823,0.05128205128205128,9
J3KNA0,54.71,0.4343670722713937,0.5099762288168086,0.02030456852791878,4
Q9BUN5,51.16,0.37511671335200747,0.4607843137254902,0.03208556149732621,3
Q9NRG7,49.28,0.8571428571428572,0.8571428571428572,0.028985507246376812,3
P55265,54.89,0.5071070357471174,0.6115220483641536,0.030927835051546393,18
Q8NAT1,52.63,0.4611841981971852,0.5714285714285714,0.03618421052631579,10
Q13637,54.8,0.6899470899470898,0.7341269841269841,0.037037037037037035,4
B4DFF2,51.99,0.5566666666666666,0.6,0.022988505747126436,3
Q2NKX8,46.03,0.46225019629732794,0.5170685573124596,0.03399765533411489,18
Q6ZN18,51.62,0.2785042918726458,0.3213789682539682,0.03023758099352052,9
P41743,50.82,0.41680047934228537,0.5818840579710144,0.038348082595870206,9
Q9NQ75,45.73,0.45202553764667236,0.530454042081949,0.027607361963190184,11
P61011,49.34,0.6211861843964117,0.7864583333333333,0.037037037037037035,8
J3KR72,47.86,0.4303835418532806,0.5516666666666666,0.023411371237458192,11
F8VWH9,52.1,0.4926737720340662,0.571875,0.027777777777777776,8
Q99832,57.1,0.6054430863254393,0.7352941176470588,0.039285714285714285,8
Q96B36,54.6,0.4393909331409331,0.5104166666666666,0.02834008097165992,4
Q9Y6G9,52.56,0.5790835755710166,0.7688421052631579,0.03291139240506329,8
P17516,49.8,0.7916666666666666,1.0,0.08695652173913043,9
Q9H7L9,50.69,0.37685924922427555,0.44002574002574,0.0436241610738255,9
O43427,50.34,0.4727702955480733,0.6181818181818182,0.043689320388349516,8
H3BSM7,54.09,0.6185439560439561,0.8125,0.04814814814814815,10
P49662,51.33,0.6714001554001554,0.7277777777777779,0.0425531914893617,6
E9PGC0,48.77,0.5095732621291138,0.6201036866359446,0.0423728813559322,12
Q4G0N4,54.05,0.6040018315018314,0.7142857142857143,0.03773584905660377,8
Q9H6D7,47.92,0.4712097112588465,0.5279156985704232,0.034482758620689655,11
Q96P11,49.11,0.5425347222222223,0.7291666666666667,0.038461538461538464,6
Q5SX86,55.25,0.6666666666666667,0.6666666666666669,0.0743801652892562,6
C9JMG3,51.36,0.514630431297098,0.5454545454545454,0.028985507246376812,6
Q9BVR6,52.43,0.7999999999999999,0.9090909090909091,0.04504504504504504,8
P83111,53.41,0.5577825658746711,0.6400000000000001,0.03761755485893417,8
P19447,48.17,0.43613530750152507,0.541468253968254,0.04265402843601896,15
P07384,59.85,0.4823741446796142,0.6547619047619048,0.043227665706051875,11
D6RHC4,47.92,0.34936242042271454,0.39989610389610386,0.027972027972027972,6
Q9NZZ3,60.3,0.40821956097253714,0.42228835978835977,0.04,3
Q96RR4,49.86,0.3882749932794509,0.49805996472663133,0.028846153846153848,8
Q7Z7N9,57.85,0.375,0.375,0.02857142857142857,4
P53350,49.98,0.4098488243538251,0.5102974828375286,0.03951367781155015,9
O43148,55.42,0.5091127064899387,0.5476190476190477,0.048109965635738834,12
Q92597,53.72,0.3806930916305917,0.46780303030303033,0.03017241379310345,6
O15063,49.56,0.4127056189635138,0.5412087912087912,0.019845644983461964,13
Q9UGP8,52.0,0.4658598850812335,0.5795167990289941,0.04046242774566474,15
H0Y3P2,50.47,0.4361861920254887,0.5548918754493667,0.033277870216306155,14
O75396,53.16,0.6666666666666666,0.7999999999999999,0.0425531914893617,4
Q6NUK1,61.44,0.6026987554822666,0.6601440576230492,0.031914893617021274,2
P60604,49.27,0.75,1.0,0.042105263157894736,3
Q9UGR2,47.93,0.46548470344688275,0.5474598930481284,0.031117397454031116,15
P32321,59.69,0.6814814814814816,0.7111111111111111,0.05309734513274336,4
Q8IZD4,51.2,0.4867856660109045,0.6295454545454545,0.019927536231884056,10
O94804,47.09,0.40988030381458895,0.5128756039286007,0.041666666666666664,16
P01024,57.87,0.4796651070537922,0.5456107660455486,0.03974358974358974,18
F5H5D3,56.67,0.5872415855749189,0.7418803418803418,0.038461538461538464,8
Q02809,51.81,0.5514132005082232,0.7449494949494949,0.03869047619047619,10
P48163,57.3,0.6268722943722944,0.8035714285714285,0.041666666666666664,6
P62906,52.9,0.5962962962962964,0.6666666666666667,0.046875,3
Q9NPR9,52.33,0.5378998375384791,0.6763888888888888,0.02694610778443114,8
Q96FS4,49.48,0.4605223195759269,0.5597020135214579,0.027377521613832854,12
O60308,49.56,0.4175108961912536,0.49951923076923077,0.03668261562998405,17
A0FGR8,50.77,0.5108093594118659,0.5870607553366173,0.031746031746031744,8
Q3MHD2,54.86,0.7272727272727272,0.7272727272727272,0.04081632653061224,4
Q9NZM4,48.54,0.355768571130488,0.438375350140056,0.012250161186331399,19
Q9H9Y4,59.4,0.75,0.7500000000000001,0.03468208092485549,4
P20336,58.71,0.5832611832611834,0.7272727272727273,0.045454545454545456,5
P38919,51.78,0.6206922398589064,0.8333333333333333,0.05291005291005291,8
P61247,53.66,0.461668771043771,0.6,0.04597701149425287,8
P05198,53.59,0.4497405372405373,0.6666666666666666,0.04926108374384237,8
P04424,56.98,0.5505561490978158,0.7251282051282053,0.03375527426160337,5
Q96N66,57.71,0.6571428571428571,1.0,0.03017241379310345,4
Q5SPY9,52.41,0.3543252743484225,0.459375,0.02278481012658228,9
P42773,56.7,0.6666666666666669,0.6666666666666667,0.09278350515463918,7
Q99442,53.38,0.39277219879098213,0.5140096618357488,0.046242774566473986,12
P08727,61.78,0.463954245761574,0.5139510181176848,0.0275,9
P47985,55.63,0.5417450029791374,0.5781573498964804,0.02727272727272727,4
Q8IY37,46.49,0.4368535535500805,0.5363247863247864,0.03672316384180791,17
Q92688,58.05,0.3634140766046681,0.424731182795699,0.06741573033707865,8
H0YH69,53.99,0.64,0.8,0.05291005291005291,6
Q8IUX1,60.63,0.4482079391801614,0.48484848484848475,0.031055900621118012,5
O15254,53.85,0.5782879298030813,0.6666666666666666,0.03343465045592705,9
Q6P4F2,55.52,0.4666666666666667,0.4666666666666667,0.030534351145038167,3
Q15139,51.35,0.4849915710802182,0.5813051146384479,0.028286189683860232,9
P13667,52.12,0.49452731978250625,0.5841430499325236,0.04838709677419355,14
P08684,50.76,0.7360612535612536,0.923076923076923,0.04132231404958678,7
Q9NRG9,52.26,0.6593672839506172,0.7561728395061728,0.032467532467532464,9
Q14160,46.26,0.39462486495580895,0.525816349160316,0.030781373322809787,23
P53367,50.52,0.5380656301397946,0.5855959775214432,0.030508474576271188,4
O14579,52.72,0.6666666666666667,0.6666666666666667,0.055865921787709494,9
Q03519,48.84,0.5151446679681972,0.7365079365079364,0.0234192037470726,6
Q96BP3,50.74,0.4979004098493992,0.5811355311355311,0.040697674418604654,13
Q9NRB3,51.44,0.5529614325068871,0.6666666666666666,0.04583333333333333,9
Q9P2R3,47.15,0.4750650040125275,0.5132313793664294,0.03343949044585987,12
P30530,52.42,0.425920942352162,0.5890488495139659,0.02689075630252101,11
E7EN86,47.59,0.3386830577035132,0.3964285714285714,0.022684310018903593,6
Q8NEW0,61.3,0.4388690476190476,0.5729166666666666,0.01968503937007874,5
Q6ZNE2,53.56,0.5833333333333334,1.0,0.0851063829787234,10
P35241,58.16,0.4162743041099275,0.4856669006948392,0.05093833780160858,13
J3KPJ3,50.62,0.4837389222267739,0.5949656750572082,0.032,6
Q8N4C8,51.84,0.43479556399465175,0.546344961369592,0.03235294117647059,19
P61158,57.59,0.6903880070546738,0.7777777777777778,0.043689320388349516,7
Q49AR2,52.39,0.5063492063492062,0.6666666666666666,0.037037037037037035,7
J3KPY9,56.6,0.3817557935953789,0.4115055315055315,0.03067484662576687,7
Q9NVR0,50.29,0.4960920133101527,0.5390033577533577,0.03807106598984772,12
Q15642,50.73,0.5243245461350784,0.6437946933321587,0.037894736842105266,11
Q9H074,55.36,0.48902947218773546,0.5714285714285714,0.03287671232876712,7
Q9HCN8,52.99,0.4166666666666667,0.5333333333333333,0.06153846153846154,5
Q10713,50.88,0.5362652030509174,0.7142857142857143,0.03690036900369004,8
Q86X27,53.05,0.5892479159530059,0.6696428571428572,0.02926829268292683,9
P00390,56.97,0.572319587134402,0.6666666666666666,0.03214285714285714,7
Q8IZJ1,51.77,0.4327816120507275,0.4856595881595882,0.02511773940345369,7
Q13107,47.02,0.5189492046674317,0.6052355350742447,0.033112582781456956,16
F8W8D3,48.07,0.42374367695796267,0.48775510204081646,0.040160642570281124,5
C9J0I9,47.97,0.5151189536223187,0.639298245614035,0.03142857142857143,8
Q9Y6Y0,46.88,0.5048365864155339,0.6754385964912281,0.03305785123966942,10
B5MCT7,51.39,0.612169312169312,0.7215686274509803,0.040268456375838924,5
O95429,53.34,0.5663090123730651,0.6275555555555556,0.018648018648018648,5
Q14520,55.89,0.5073425849512806,0.6958695652173913,0.03254437869822485,6
Q06520,49.36,0.6944444444444445,0.8888888888888888,0.0625,4
Q8IYI6,48.91,0.5036572331404449,0.6021218011013928,0.03838383838383838,14
Q9UMX0,56.8,0.5172773969214941,0.5648148148148147,0.015180265654648957,8
Q99583,52.34,0.42084638566277716,0.5457965902410347,0.017421602787456445,7
Q15652,49.43,0.37536790215740123,0.4627375936319026,0.028696498054474707,43
F5H148,50.79,0.45406988250948616,0.5213793103448275,0.03299492385786802,7
H3BTB7,48.05,0.5467423063501495,0.6578483245149911,0.035842293906810034,7
Q5VV41,51.01,0.5148073238602674,0.5994202898550725,0.03549060542797495,13
Q9UJX2,50.91,0.4406549666650284,0.518341307814992,0.03858520900321544,6
Q99816,51.09,0.44467369581231697,0.5214285714285715,0.031746031746031744,8
Q6ZV70,50.95,0.5454545454545454,0.5454545454545455,0.03977272727272727,3
Q6IN84,52.71,0.5107076083638584,0.6756944444444445,0.034782608695652174,4
Q9UI10,49.74,0.47372949144339516,0.576388888888889,0.03293413173652695,7
P62753,52.72,0.5528068684276023,0.6421098901098901,0.05128205128205128,6
Q8N5V2,53.09,0.45030749131912984,0.5708333333333333,0.03854389721627409,12
Q5F1R6,49.99,0.42374488739425625,0.5916734693877552,0.04719101123595506,15
Q8IWY9,48.45,0.47870147679693553,0.5280705269485072,0.028255528255528257,18
P83436,48.15,0.48628591513018304,0.5992486695189397,0.03171247357293869,10
Q9UHR4,57.1,0.40412536605875343,0.4473304473304473,0.028639618138424822,11
Q9C026,58.88,0.3426851458069688,0.42311252835860735,0.029469548133595286,15
J3KQL8,50.15,0.5026272816324939,0.5938271604938272,0.028277634961439587,6
Q9Y3A3,55.51,0.5,0.5,0.044444444444444446,6
P82912,48.52,0.6222916666666667,0.7625,0.027777777777777776,3
Q9BUP3,49.05,0.7535714285714286,0.7857142857142857,0.07518796992481203,7
Q03113,48.6,0.48930195832973594,0.574074074074074,0.046511627906976744,9
Q06187,45.7,0.515370513702557,0.6315789473684211,0.04143646408839779,11
Q5VZL5,54.47,0.42182187069922333,0.5364385932944608,0.027005559968228753,25
Q8IVL5,50.49,0.44503767474259476,0.6078125,0.03827751196172249,5
Q9Y696,53.28,0.7111111111111112,0.888888888888889,0.07142857142857142,7
P10253,58.14,0.6240298001661638,0.7142857142857143,0.027918781725888325,10
B4DVH1,50.26,0.5928997507122507,0.6611111111111112,0.03680981595092025,1
Q9NWM3,52.27,0.32424407848833164,0.46044444444444443,0.03142857142857143,11
O15382,57.36,0.7034581930415263,0.7878787878787877,0.03125,6
Q8N999,54.66,0.6666666666666667,0.9090909090909091,0.054878048780487805,4
P12235,56.24,0.7179487179487178,0.8888888888888888,0.07514450867052024,8
Q9Y5X1,49.86,0.43115951308521927,0.5377777777777777,0.0343980343980344,10
Q6P6C2,50.24,0.5570931527531584,0.6365914786967418,0.03873239436619718,8
Q9UKM7,50.05,0.41729143568981625,0.48,0.03201970443349754,9
Q8WUI4,53.65,0.46989699629336645,0.6161193212917351,0.025245441795231416,14
Q13618,55.79,0.3787250249956792,0.46600558242777623,0.04157043879907621,15
Q9UHE8,54.18,0.5349794238683128,0.6666666666666667,0.024489795918367346,4
O15144,57.98,0.6201581621503496,0.717948717948718,0.043478260869565216,6
Q9NWT1,55.73,0.5035420197086864,0.68,0.045454545454545456,8
Q9UFC0,46.76,0.5541368033124999,0.6687306501547987,0.03519061583577713,9
P50395,55.42,0.6331065759637189,0.8571428571428572,0.07179487179487179,10
B5MBX0,49.66,0.31638265669515675,0.37019230769230776,0.03257328990228013,9
O95810,52.04,0.37015968805028227,0.450406015037594,0.0330188679245283,11
Q8WYP5,56.38,0.40407068955622555,0.5318981534967929,0.03032036613272311,41
Q96NA2,52.16,0.43750793431269436,0.5077557235874817,0.03412073490813648,11
O96000,52.41,0.6857142857142858,0.7272727272727273,0.04054054054054054,5
O94952,51.91,0.6352877061210395,0.7581699346405227,0.03488372093023256,10
Q9BRK5,51.25,0.5027551020408163,0.5714285714285714,0.04405286343612335,6
C9JE12,51.8,0.6777777777777777,0.7384615384615385,0.02127659574468085,3
Q5TGY1,58.12,0.48542590896757565,0.5661375661375663,0.02564102564102564,9
P23508,54.62,0.4301865740603435,0.4937171051732819,0.03209242618741977,16
O60749,50.38,0.5141919535845527,0.6010396361273553,0.03723404255319149,9
Q9NVQ4,51.04,0.53125,0.75,0.07692307692307693,6
Q9H8M7,53.18,0.5668344001677335,0.7272727272727273,0.037815126050420166,6
P30260,55.0,0.4787371091624526,0.5816091954022988,0.0285204991087344,15
P50552,51.97,0.5185941160089766,0.6157894736842104,0.024242424242424242,2
Q96DX4,56.09,0.4016666666666667,0.6666666666666667,0.06269592476489028,18
O75386,50.37,0.3977344342899899,0.5555555555555556,0.032679738562091505,9
Q8TCT8,57.63,0.4470503647586981,0.5333333333333333,0.026755852842809364,6
J3QRS9,58.44,0.5511649877255527,0.5775401069518717,0.017467248908296942,6
P07741,57.84,0.696969696969697,1.0,0.11,5
Q86TI2,52.59,0.5397111313931167,0.6375,0.04788732394366197,15
Q9H0R4,62.0,0.775,1.0,0.08064516129032258,8
Q5U649,54.59,0.6823979591836735,0.7291666666666667,0.043209876543209874,6
Q6VMQ6,46.97,0.365995640062023,0.5305845004668535,0.02543068088597211,22
P56524,54.78,0.473122919918109,0.5499327956989247,0.02591283863368669,18
Q6P4A7,57.98,0.603,0.7999999999999999,0.02702702702702703,4
H0YEB6,58.71,0.6635151515151516,0.7777777777777777,0.02976190476190476,5
Q8N2W9,47.52,0.47441817658341084,0.5347222222222222,0.031496062992125984,9
H3BM14,46.22,0.45789105546802134,0.5401379310344827,0.044444444444444446,15
Q6P499,58.57,0.39459494753612395,0.5182072829131652,0.022641509433962263,6
Q9ULH0,52.48,0.40288495093822757,0.4633095881437813,0.028996865203761754,24
P22307,53.48,0.6035775335775335,0.673076923076923,0.03968253968253968,6
Q8WXA9,52.17,0.41721875343269793,0.467342008177883,0.05063291139240506,8
Q9BX68,56.97,0.5866666666666667,0.8,0.044642857142857144,3
Q08117,52.28,0.673721340388007,0.6772486772486772,0.03076923076923077,5
Q8IZ83,61.76,0.4910812532024654,0.5683760683760684,0.03283582089552239,9
Q9P0V3,49.55,0.4499979006386082,0.550875,0.03164556962025317,14
P35790,54.1,0.5624881431699614,0.7261904761904763,0.04,8
K7ELL7,53.99,0.3689341386029073,0.41035258814703673,0.04071246819338423,12
P00736,51.56,0.43456674944221985,0.48457080098454786,0.03233830845771144,9
Q6N043,53.11,0.4465727201045053,0.5263878317748849,0.027283511269276393,16
Q16134,54.39,0.6264711584711585,0.751851851851852,0.03816793893129771,7
Q8N9N5,49.23,0.3941880189527248,0.4307692307692308,0.022727272727272728,10
Q86Y82,56.26,0.41316144557922907,0.46528867957439385,0.03286384976525822,6
J3KP30,53.08,0.2610222849092462,0.38838383838383833,0.033277870216306155,17
P61599,51.62,0.4166666666666667,0.6666666666666667,0.09900990099009901,5
P02671,51.41,0.46628187648365954,0.5863766583938476,0.028050490883590462,9
D6REA0,48.46,0.4258070268205232,0.4943915343915345,0.031161473087818695,10
P14625,53.05,0.44394373744947224,0.5811011904761905,0.05030181086519115,14
Q9UNW1,58.01,0.6684493094749506,0.7218934911242604,0.0371900826446281,6
O60353,53.85,0.4285087122837991,0.5366519941309857,0.028925619834710745,9
B4DXP9,51.62,0.6432748538011696,0.8,0.11046511627906977,13
Q9BTX7,55.33,0.5074166574166574,0.5939393939393939,0.035175879396984924,7
Q9P2W1,47.67,0.4638807347151862,0.48834964638536077,0.047872340425531915,5
P63000,55.37,0.22222222222222224,0.39999999999999997,0.11650485436893204,4
P30154,47.23,0.5177413701494583,0.5999999999999999,0.039285714285714285,7
G3V1D3,52.83,0.5879445477362144,0.765625,0.04777070063694268,11
O75387,55.08,0.5532330414683354,0.6431372549019607,0.022653721682847898,6
P49795,48.88,0.5625213675213675,0.6666666666666666,0.032679738562091505,4
P30740,52.96,0.7400893859227192,0.9242424242424242,0.045714285714285714,5
Q8NBM8,55.78,0.5086894586894587,0.6153846153846154,0.04184100418410042,8
F8VSL3,56.78,0.6508197358197358,0.7000000000000001,0.02617801047120419,4
O60318,52.84,0.4124962551767153,0.504653562928325,0.02695595003287311,19
P11021,55.6,0.38339879332559346,0.4391826923076923,0.04938271604938271,12
Q8TDM6,54.5,0.4505282708852242,0.5300896965170114,0.031113876789047916,26
Q99471,61.31,0.6173200197238659,0.717948717948718,0.03278688524590164,2
Q09328,53.91,0.5086203430993449,0.6289536550406114,0.0343980343980344,7
Q9NSY0,50.22,0.4832451413469931,0.5790123456790122,0.03821656050955414,10
Q9H609,54.42,0.5611313131313131,0.808080808080808,0.03424657534246575,3
Q14451,46.87,0.44729089136983885,0.517543859649123,0.029239766081871343,8
O95639,47.35,0.5591380070546738,0.582010582010582,0.02643171806167401,4
P08243,53.61,0.6043956043956044,0.6285714285714286,0.06190476190476191,11
O94916,49.42,0.38115697328450315,0.45981140423649136,0.014174344436569808,17
